0,89376,1.0,spectrograms/089376.png
1,14590,2.0,spectrograms/014590.png
2,127350,2.0,spectrograms/127350.png
3,112210,2.0,spectrograms/112210.png
4,4777,2.0,spectrograms/004777.png
5,127870,2.0,spectrograms/127870.png
6,133837,1.0,spectrograms/133837.png
7,131789,1.0,spectrograms/131789.png
8,142950,2.0,spectrograms/142950.png
9,24430,2.0,spectrograms/024430.png
10,67760,1.0,spectrograms/067760.png
11,138580,2.0,spectrograms/138580.png
12,55900,1.0,spectrograms/055900.png
13,89350,1.0,spectrograms/089350.png
14,124460,1.0,spectrograms/124460.png
15,54480,0.0,spectrograms/054480.png
16,126402,0.0,spectrograms/126402.png
17,126230,1.0,spectrograms/126230.png
18,107598,1.0,spectrograms/107598.png
19,30230,2.0,spectrograms/030230.png
20,72210,2.0,spectrograms/072210.png
21,76130,2.0,spectrograms/076130.png
22,112000,1.0,spectrograms/112000.png
23,117159,1.0,spectrograms/117159.png
24,134930,0.0,spectrograms/134930.png
25,73580,1.0,spectrograms/073580.png
26,116547,1.0,spectrograms/116547.png
27,3950,1.0,spectrograms/003950.png
28,124753,2.0,spectrograms/124753.png
29,52630,2.0,spectrograms/052630.png
30,85310,1.0,spectrograms/085310.png
31,4836,1.0,spectrograms/004836.png
32,75750,1.0,spectrograms/075750.png
33,126410,1.0,spectrograms/126410.png
34,83790,2.0,spectrograms/083790.png
35,12508,1.0,spectrograms/012508.png
36,57360,1.0,spectrograms/057360.png
37,112790,1.0,spectrograms/112790.png
38,64857,2.0,spectrograms/064857.png
39,25802,0.0,spectrograms/025802.png
40,63770,1.0,spectrograms/063770.png
41,130440,1.0,spectrograms/130440.png
42,133020,2.0,spectrograms/133020.png
43,53300,1.0,spectrograms/053300.png
44,5157,1.0,spectrograms/005157.png
45,43600,2.0,spectrograms/043600.png
46,128709,2.0,spectrograms/128709.png
47,116490,1.0,spectrograms/116490.png
48,88870,1.0,spectrograms/088870.png
49,133560,2.0,spectrograms/133560.png
50,51260,0.0,spectrograms/051260.png
51,90570,1.0,spectrograms/090570.png
52,52120,0.0,spectrograms/052120.png
53,47100,2.0,spectrograms/047100.png
54,108492,1.0,spectrograms/108492.png
55,149370,1.0,spectrograms/149370.png
56,110451,1.0,spectrograms/110451.png
57,44795,2.0,spectrograms/044795.png
58,12490,1.0,spectrograms/012490.png
59,56520,2.0,spectrograms/056520.png
60,122084,2.0,spectrograms/122084.png
61,88960,1.0,spectrograms/088960.png
62,63250,1.0,spectrograms/063250.png
63,143300,1.0,spectrograms/143300.png
64,74377,0.0,spectrograms/074377.png
65,134610,1.0,spectrograms/134610.png
66,73550,2.0,spectrograms/073550.png
67,82920,2.0,spectrograms/082920.png
68,138210,2.0,spectrograms/138210.png
69,40241,1.0,spectrograms/040241.png
70,68860,0.0,spectrograms/068860.png
71,13670,1.0,spectrograms/013670.png
72,28480,0.0,spectrograms/028480.png
73,127210,2.0,spectrograms/127210.png
74,93940,2.0,spectrograms/093940.png
75,115293,1.0,spectrograms/115293.png
76,135054,0.0,spectrograms/135054.png
77,60510,1.0,spectrograms/060510.png
78,61010,1.0,spectrograms/061010.png
79,15880,2.0,spectrograms/015880.png
80,3880,2.0,spectrograms/003880.png
81,120770,2.0,spectrograms/120770.png
82,115930,0.0,spectrograms/115930.png
83,64520,1.0,spectrograms/064520.png
84,144492,0.0,spectrograms/144492.png
85,80680,0.0,spectrograms/080680.png
86,17610,1.0,spectrograms/017610.png
87,122686,1.0,spectrograms/122686.png
88,52502,0.0,spectrograms/052502.png
89,12050,1.0,spectrograms/012050.png
90,190,1.0,spectrograms/000190.png
91,85840,2.0,spectrograms/085840.png
92,127620,0.0,spectrograms/127620.png
93,108530,2.0,spectrograms/108530.png
94,131900,2.0,spectrograms/131900.png
95,127330,2.0,spectrograms/127330.png
96,122810,1.0,spectrograms/122810.png
97,88959,1.0,spectrograms/088959.png
98,75440,1.0,spectrograms/075440.png
99,25030,1.0,spectrograms/025030.png
100,14320,0.0,spectrograms/014320.png
101,47202,2.0,spectrograms/047202.png
102,45102,2.0,spectrograms/045102.png
103,139110,0.0,spectrograms/139110.png
104,111220,2.0,spectrograms/111220.png
105,127720,1.0,spectrograms/127720.png
106,4080,1.0,spectrograms/004080.png
107,122500,0.0,spectrograms/122500.png
108,14580,2.0,spectrograms/014580.png
109,118920,2.0,spectrograms/118920.png
110,114070,1.0,spectrograms/114070.png
111,72790,2.0,spectrograms/072790.png
112,114199,1.0,spectrograms/114199.png
113,69200,2.0,spectrograms/069200.png
114,620,1.0,spectrograms/000620.png
115,1270,1.0,spectrograms/001270.png
116,72070,2.0,spectrograms/072070.png
117,32800,1.0,spectrograms/032800.png
118,56028,2.0,spectrograms/056028.png
119,145762,1.0,spectrograms/145762.png
120,120470,2.0,spectrograms/120470.png
121,4780,2.0,spectrograms/004780.png
122,138410,1.0,spectrograms/138410.png
123,46840,0.0,spectrograms/046840.png
124,142362,2.0,spectrograms/142362.png
125,133450,2.0,spectrograms/133450.png
126,44820,1.0,spectrograms/044820.png
127,84200,2.0,spectrograms/084200.png
128,122360,1.0,spectrograms/122360.png
129,10381,1.0,spectrograms/010381.png
130,67600,0.0,spectrograms/067600.png
131,127360,2.0,spectrograms/127360.png
132,14319,0.0,spectrograms/014319.png
133,114290,2.0,spectrograms/114290.png
134,148210,0.0,spectrograms/148210.png
135,56690,0.0,spectrograms/056690.png
136,80520,2.0,spectrograms/080520.png
137,96627,1.0,spectrograms/096627.png
138,143060,2.0,spectrograms/143060.png
139,54470,2.0,spectrograms/054470.png
140,109900,0.0,spectrograms/109900.png
141,116388,1.0,spectrograms/116388.png
142,127520,2.0,spectrograms/127520.png
143,22150,1.0,spectrograms/022150.png
144,4097,1.0,spectrograms/004097.png
145,119939,2.0,spectrograms/119939.png
146,52650,2.0,spectrograms/052650.png
147,131567,0.0,spectrograms/131567.png
148,68680,2.0,spectrograms/068680.png
149,75930,2.0,spectrograms/075930.png
150,112780,0.0,spectrograms/112780.png
151,15772,2.0,spectrograms/015772.png
152,49070,2.0,spectrograms/049070.png
153,108026,2.0,spectrograms/108026.png
154,12530,1.0,spectrograms/012530.png
155,141180,1.0,spectrograms/141180.png
156,33070,2.0,spectrograms/033070.png
157,113260,0.0,spectrograms/113260.png
158,133770,1.0,spectrograms/133770.png
159,71510,2.0,spectrograms/071510.png
160,20050,1.0,spectrograms/020050.png
161,91130,1.0,spectrograms/091130.png
162,130920,2.0,spectrograms/130920.png
163,13930,1.0,spectrograms/013930.png
164,61160,1.0,spectrograms/061160.png
165,57440,1.0,spectrograms/057440.png
166,5170,2.0,spectrograms/005170.png
167,129190,2.0,spectrograms/129190.png
168,92130,0.0,spectrograms/092130.png
169,82930,2.0,spectrograms/082930.png
170,146020,2.0,spectrograms/146020.png
171,108524,2.0,spectrograms/108524.png
172,123970,1.0,spectrograms/123970.png
173,128880,1.0,spectrograms/128880.png
174,132140,1.0,spectrograms/132140.png
175,85490,1.0,spectrograms/085490.png
176,66690,2.0,spectrograms/066690.png
177,4070,2.0,spectrograms/004070.png
178,144740,2.0,spectrograms/144740.png
179,114242,2.0,spectrograms/114242.png
180,72050,0.0,spectrograms/072050.png
181,73770,1.0,spectrograms/073770.png
182,114880,0.0,spectrograms/114880.png
183,52118,1.0,spectrograms/052118.png
184,56010,1.0,spectrograms/056010.png
185,47510,1.0,spectrograms/047510.png
186,103600,2.0,spectrograms/103600.png
187,31040,2.0,spectrograms/031040.png
188,135990,2.0,spectrograms/135990.png
189,105683,2.0,spectrograms/105683.png
190,45126,0.0,spectrograms/045126.png
191,10,2.0,spectrograms/000010.png
192,12350,1.0,spectrograms/012350.png
193,19707,1.0,spectrograms/019707.png
194,56641,1.0,spectrograms/056641.png
195,21400,1.0,spectrograms/021400.png
196,108500,2.0,spectrograms/108500.png
197,82886,0.0,spectrograms/082886.png
198,97690,1.0,spectrograms/097690.png
199,17500,0.0,spectrograms/017500.png
200,27550,2.0,spectrograms/027550.png
201,95910,1.0,spectrograms/095910.png
202,123980,2.0,spectrograms/123980.png
203,66074,2.0,spectrograms/066074.png
204,108021,2.0,spectrograms/108021.png
205,127298,2.0,spectrograms/127298.png
206,93710,0.0,spectrograms/093710.png
207,125160,2.0,spectrograms/125160.png
208,112770,2.0,spectrograms/112770.png
209,130950,0.0,spectrograms/130950.png
210,40250,1.0,spectrograms/040250.png
211,6609,1.0,spectrograms/006609.png
212,63900,1.0,spectrograms/063900.png
213,132786,0.0,spectrograms/132786.png
214,150287,1.0,spectrograms/150287.png
215,142530,0.0,spectrograms/142530.png
216,96730,0.0,spectrograms/096730.png
217,127300,2.0,spectrograms/127300.png
218,44950,2.0,spectrograms/044950.png
219,86720,1.0,spectrograms/086720.png
220,12060,1.0,spectrograms/012060.png
221,137740,1.0,spectrograms/137740.png
222,1703,1.0,spectrograms/001703.png
223,130370,1.0,spectrograms/130370.png
224,57640,0.0,spectrograms/057640.png
225,85040,2.0,spectrograms/085040.png
226,111150,1.0,spectrograms/111150.png
227,86140,1.0,spectrograms/086140.png
228,54570,1.0,spectrograms/054570.png
229,91170,0.0,spectrograms/091170.png
230,114073,1.0,spectrograms/114073.png
231,40660,2.0,spectrograms/040660.png
232,108490,2.0,spectrograms/108490.png
233,85600,2.0,spectrograms/085600.png
234,72200,2.0,spectrograms/072200.png
235,59660,0.0,spectrograms/059660.png
236,67360,0.0,spectrograms/067360.png
237,70424,1.0,spectrograms/070424.png
238,142550,1.0,spectrograms/142550.png
239,6679,1.0,spectrograms/006679.png
240,26643,2.0,spectrograms/026643.png
241,128470,2.0,spectrograms/128470.png
242,11683,1.0,spectrograms/011683.png
243,72290,2.0,spectrograms/072290.png
244,108420,2.0,spectrograms/108420.png
245,45390,1.0,spectrograms/045390.png
246,107590,0.0,spectrograms/107590.png
247,110110,2.0,spectrograms/110110.png
248,149700,2.0,spectrograms/149700.png
249,39530,0.0,spectrograms/039530.png
250,58140,0.0,spectrograms/058140.png
251,116240,2.0,spectrograms/116240.png
252,47200,2.0,spectrograms/047200.png
253,139329,0.0,spectrograms/139329.png
254,69830,1.0,spectrograms/069830.png
255,33460,2.0,spectrograms/033460.png
256,126790,0.0,spectrograms/126790.png
257,92551,2.0,spectrograms/092551.png
258,26600,1.0,spectrograms/026600.png
259,114410,2.0,spectrograms/114410.png
260,133100,2.0,spectrograms/133100.png
261,200,1.0,spectrograms/000200.png
262,105920,1.0,spectrograms/105920.png
263,73370,2.0,spectrograms/073370.png
264,128710,1.0,spectrograms/128710.png
265,5940,1.0,spectrograms/005940.png
266,129090,1.0,spectrograms/129090.png
267,133440,2.0,spectrograms/133440.png
268,120297,1.0,spectrograms/120297.png
269,139687,1.0,spectrograms/139687.png
270,55293,1.0,spectrograms/055293.png
271,36145,2.0,spectrograms/036145.png
272,40240,2.0,spectrograms/040240.png
273,82780,1.0,spectrograms/082780.png
274,122510,1.0,spectrograms/122510.png
275,690,2.0,spectrograms/000690.png
276,71692,1.0,spectrograms/071692.png
277,38890,1.0,spectrograms/038890.png
278,1720,1.0,spectrograms/001720.png
279,64990,2.0,spectrograms/064990.png
280,65040,2.0,spectrograms/065040.png
281,36560,0.0,spectrograms/036560.png
282,63257,1.0,spectrograms/063257.png
283,101864,0.0,spectrograms/101864.png
284,32333,1.0,spectrograms/032333.png
285,145646,2.0,spectrograms/145646.png
286,140344,2.0,spectrograms/140344.png
287,67640,2.0,spectrograms/067640.png
288,52860,1.0,spectrograms/052860.png
289,139520,1.0,spectrograms/139520.png
290,126720,2.0,spectrograms/126720.png
291,148079,1.0,spectrograms/148079.png
292,47895,1.0,spectrograms/047895.png
293,52389,1.0,spectrograms/052389.png
294,62190,2.0,spectrograms/062190.png
295,49846,1.0,spectrograms/049846.png
296,129397,1.0,spectrograms/129397.png
297,75310,0.0,spectrograms/075310.png
298,130930,1.0,spectrograms/130930.png
299,87430,2.0,spectrograms/087430.png
300,112483,1.0,spectrograms/112483.png
301,9550,1.0,spectrograms/009550.png
302,126491,0.0,spectrograms/126491.png
303,148610,1.0,spectrograms/148610.png
304,112088,0.0,spectrograms/112088.png
305,87070,2.0,spectrograms/087070.png
306,110260,2.0,spectrograms/110260.png
307,127290,1.0,spectrograms/127290.png
308,24368,1.0,spectrograms/024368.png
309,133272,2.0,spectrograms/133272.png
310,90616,2.0,spectrograms/090616.png
311,86680,1.0,spectrograms/086680.png
312,57178,1.0,spectrograms/057178.png
313,69170,2.0,spectrograms/069170.png
314,148130,2.0,spectrograms/148130.png
315,6330,1.0,spectrograms/006330.png
316,122080,2.0,spectrograms/122080.png
317,129040,2.0,spectrograms/129040.png
318,1930,2.0,spectrograms/001930.png
319,135010,0.0,spectrograms/135010.png
320,119830,1.0,spectrograms/119830.png
321,132420,2.0,spectrograms/132420.png
322,117670,2.0,spectrograms/117670.png
323,114233,1.0,spectrograms/114233.png
324,10669,2.0,spectrograms/010669.png
325,30090,0.0,spectrograms/030090.png
326,144938,0.0,spectrograms/144938.png
327,66180,1.0,spectrograms/066180.png
328,83960,1.0,spectrograms/083960.png
329,92540,0.0,spectrograms/092540.png
330,109711,0.0,spectrograms/109711.png
331,125620,1.0,spectrograms/125620.png
332,122832,2.0,spectrograms/122832.png
333,43857,1.0,spectrograms/043857.png
334,132040,0.0,spectrograms/132040.png
335,63290,1.0,spectrograms/063290.png
336,73820,1.0,spectrograms/073820.png
337,13710,2.0,spectrograms/013710.png
338,99440,2.0,spectrograms/099440.png
339,141590,0.0,spectrograms/141590.png
340,34510,1.0,spectrograms/034510.png
341,138010,1.0,spectrograms/138010.png
342,144182,1.0,spectrograms/144182.png
343,126400,0.0,spectrograms/126400.png
344,43020,1.0,spectrograms/043020.png
345,140260,2.0,spectrograms/140260.png
346,52409,2.0,spectrograms/052409.png
347,40940,1.0,spectrograms/040940.png
348,124409,0.0,spectrograms/124409.png
349,18887,1.0,spectrograms/018887.png
350,70300,2.0,spectrograms/070300.png
351,107050,0.0,spectrograms/107050.png
352,74370,2.0,spectrograms/074370.png
353,138040,1.0,spectrograms/138040.png
354,107180,1.0,spectrograms/107180.png
355,129816,2.0,spectrograms/129816.png
356,111390,0.0,spectrograms/111390.png
357,112490,2.0,spectrograms/112490.png
358,67330,0.0,spectrograms/067330.png
359,109960,0.0,spectrograms/109960.png
360,56460,1.0,spectrograms/056460.png
361,73520,1.0,spectrograms/073520.png
362,36998,2.0,spectrograms/036998.png
363,146970,1.0,spectrograms/146970.png
364,144600,2.0,spectrograms/144600.png
365,132781,0.0,spectrograms/132781.png
366,16820,2.0,spectrograms/016820.png
367,132310,2.0,spectrograms/132310.png
368,138320,2.0,spectrograms/138320.png
369,87100,2.0,spectrograms/087100.png
370,131940,0.0,spectrograms/131940.png
371,86730,2.0,spectrograms/086730.png
372,147020,1.0,spectrograms/147020.png
373,28260,1.0,spectrograms/028260.png
374,110410,1.0,spectrograms/110410.png
375,145780,1.0,spectrograms/145780.png
376,47670,0.0,spectrograms/047670.png
377,46930,1.0,spectrograms/046930.png
378,138060,1.0,spectrograms/138060.png
379,134790,2.0,spectrograms/134790.png
380,56517,2.0,spectrograms/056517.png
381,1510,1.0,spectrograms/001510.png
382,62750,2.0,spectrograms/062750.png
383,127936,2.0,spectrograms/127936.png
384,30120,0.0,spectrograms/030120.png
385,43030,2.0,spectrograms/043030.png
386,148430,0.0,spectrograms/148430.png
387,38560,1.0,spectrograms/038560.png
388,125820,1.0,spectrograms/125820.png
389,16340,1.0,spectrograms/016340.png
390,56640,1.0,spectrograms/056640.png
391,55430,0.0,spectrograms/055430.png
392,62426,2.0,spectrograms/062426.png
393,81660,2.0,spectrograms/081660.png
394,113530,1.0,spectrograms/113530.png
395,138062,1.0,spectrograms/138062.png
396,139461,1.0,spectrograms/139461.png
397,107531,1.0,spectrograms/107531.png
398,114040,1.0,spectrograms/114040.png
399,40180,1.0,spectrograms/040180.png
400,16880,1.0,spectrograms/016880.png
401,38820,2.0,spectrograms/038820.png
402,30520,2.0,spectrograms/030520.png
403,1069,2.0,spectrograms/001069.png
404,139770,1.0,spectrograms/139770.png
405,149100,1.0,spectrograms/149100.png
406,6680,1.0,spectrograms/006680.png
407,6440,2.0,spectrograms/006440.png
408,130130,2.0,spectrograms/130130.png
409,131950,0.0,spectrograms/131950.png
410,87642,2.0,spectrograms/087642.png
411,6390,1.0,spectrograms/006390.png
412,4450,1.0,spectrograms/004450.png
413,29750,2.0,spectrograms/029750.png
414,30740,1.0,spectrograms/030740.png
415,113790,2.0,spectrograms/113790.png
416,75869,0.0,spectrograms/075869.png
417,88486,0.0,spectrograms/088486.png
418,134510,1.0,spectrograms/134510.png
419,68540,1.0,spectrograms/068540.png
420,142080,2.0,spectrograms/142080.png
421,107390,1.0,spectrograms/107390.png
422,107810,2.0,spectrograms/107810.png
423,97940,2.0,spectrograms/097940.png
424,40842,2.0,spectrograms/040842.png
425,74960,1.0,spectrograms/074960.png
426,1682,1.0,spectrograms/001682.png
427,38965,1.0,spectrograms/038965.png
428,65780,2.0,spectrograms/065780.png
429,54150,2.0,spectrograms/054150.png
430,123490,1.0,spectrograms/123490.png
431,135220,2.0,spectrograms/135220.png
432,120150,0.0,spectrograms/120150.png
433,75931,2.0,spectrograms/075931.png
434,35550,1.0,spectrograms/035550.png
435,140,1.0,spectrograms/000140.png
436,10670,2.0,spectrograms/010670.png
437,126320,2.0,spectrograms/126320.png
438,115816,2.0,spectrograms/115816.png
439,128500,1.0,spectrograms/128500.png
440,145730,1.0,spectrograms/145730.png
441,107031,1.0,spectrograms/107031.png
442,10250,2.0,spectrograms/010250.png
443,105412,2.0,spectrograms/105412.png
444,87190,1.0,spectrograms/087190.png
445,27610,2.0,spectrograms/027610.png
446,145705,1.0,spectrograms/145705.png
447,11020,2.0,spectrograms/011020.png
448,127212,2.0,spectrograms/127212.png
449,26169,0.0,spectrograms/026169.png
450,210,1.0,spectrograms/000210.png
451,41820,0.0,spectrograms/041820.png
452,84290,2.0,spectrograms/084290.png
453,86481,2.0,spectrograms/086481.png
454,54580,1.0,spectrograms/054580.png
455,67470,2.0,spectrograms/067470.png
456,75754,2.0,spectrograms/075754.png
457,105720,2.0,spectrograms/105720.png
458,85400,0.0,spectrograms/085400.png
459,110450,1.0,spectrograms/110450.png
460,29040,2.0,spectrograms/029040.png
461,109670,1.0,spectrograms/109670.png
462,56470,1.0,spectrograms/056470.png
463,129910,1.0,spectrograms/129910.png
464,58060,1.0,spectrograms/058060.png
465,140620,1.0,spectrograms/140620.png
466,39660,1.0,spectrograms/039660.png
467,4102,2.0,spectrograms/004102.png
468,60170,0.0,spectrograms/060170.png
469,70770,1.0,spectrograms/070770.png
470,54061,1.0,spectrograms/054061.png
471,135223,1.0,spectrograms/135223.png
472,114430,1.0,spectrograms/114430.png
473,144470,1.0,spectrograms/144470.png
474,125288,2.0,spectrograms/125288.png
475,134950,0.0,spectrograms/134950.png
476,3270,1.0,spectrograms/003270.png
477,120310,2.0,spectrograms/120310.png
478,66390,2.0,spectrograms/066390.png
479,97960,2.0,spectrograms/097960.png
480,113030,1.0,spectrograms/113030.png
481,117160,1.0,spectrograms/117160.png
482,26640,1.0,spectrograms/026640.png
483,108962,1.0,spectrograms/108962.png
484,148603,1.0,spectrograms/148603.png
485,36146,2.0,spectrograms/036146.png
486,15210,1.0,spectrograms/015210.png
487,122630,1.0,spectrograms/122630.png
488,107030,1.0,spectrograms/107030.png
489,146150,1.0,spectrograms/146150.png
490,11780,2.0,spectrograms/011780.png
491,142360,1.0,spectrograms/142360.png
492,3921,1.0,spectrograms/003921.png
493,135340,1.0,spectrograms/135340.png
494,75883,1.0,spectrograms/075883.png
495,85950,0.0,spectrograms/085950.png
496,119940,2.0,spectrograms/119940.png
497,54160,2.0,spectrograms/054160.png
498,87490,1.0,spectrograms/087490.png
499,38900,1.0,spectrograms/038900.png
500,144940,0.0,spectrograms/144940.png
501,124180,2.0,spectrograms/124180.png
502,58540,2.0,spectrograms/058540.png
503,38910,1.0,spectrograms/038910.png
504,108531,2.0,spectrograms/108531.png
505,125159,2.0,spectrograms/125159.png
506,41310,2.0,spectrograms/041310.png
507,118500,0.0,spectrograms/118500.png
508,108059,1.0,spectrograms/108059.png
509,148214,0.0,spectrograms/148214.png
510,68353,1.0,spectrograms/068353.png
511,107910,2.0,spectrograms/107910.png
512,116870,1.0,spectrograms/116870.png
513,130650,1.0,spectrograms/130650.png
514,6380,1.0,spectrograms/006380.png
515,145043,0.0,spectrograms/145043.png
516,73100,1.0,spectrograms/073100.png
517,152480,2.0,spectrograms/152480.png
518,3920,1.0,spectrograms/003920.png
519,91790,1.0,spectrograms/091790.png
520,59720,0.0,spectrograms/059720.png
521,24420,2.0,spectrograms/024420.png
522,68600,1.0,spectrograms/068600.png
523,55710,1.0,spectrograms/055710.png
524,111230,2.0,spectrograms/111230.png
525,99390,0.0,spectrograms/099390.png
526,94803,2.0,spectrograms/094803.png
527,107020,1.0,spectrograms/107020.png
528,127279,0.0,spectrograms/127279.png
529,6360,2.0,spectrograms/006360.png
530,125240,1.0,spectrograms/125240.png
531,56020,1.0,spectrograms/056020.png
532,134580,2.0,spectrograms/134580.png
533,124870,1.0,spectrograms/124870.png
534,85290,2.0,spectrograms/085290.png
535,126900,2.0,spectrograms/126900.png
536,148290,1.0,spectrograms/148290.png
537,110070,1.0,spectrograms/110070.png
538,40161,1.0,spectrograms/040161.png
539,142359,1.0,spectrograms/142359.png
540,113810,2.0,spectrograms/113810.png
541,41018,1.0,spectrograms/041018.png
542,64630,2.0,spectrograms/064630.png
543,9560,1.0,spectrograms/009560.png
544,44849,0.0,spectrograms/044849.png
545,110690,2.0,spectrograms/110690.png
546,36990,2.0,spectrograms/036990.png
547,55480,1.0,spectrograms/055480.png
548,106570,2.0,spectrograms/106570.png
549,130940,1.0,spectrograms/130940.png
550,150080,0.0,spectrograms/150080.png
551,48990,1.0,spectrograms/048990.png
552,90530,2.0,spectrograms/090530.png
553,83437,1.0,spectrograms/083437.png
554,38830,2.0,spectrograms/038830.png
555,95250,1.0,spectrograms/095250.png
556,121450,2.0,spectrograms/121450.png
557,68410,0.0,spectrograms/068410.png
558,81576,2.0,spectrograms/081576.png
559,71240,2.0,spectrograms/071240.png
560,87191,1.0,spectrograms/087191.png
561,121740,1.0,spectrograms/121740.png
562,117630,0.0,spectrograms/117630.png
563,97540,2.0,spectrograms/097540.png
564,1680,1.0,spectrograms/001680.png
565,114200,1.0,spectrograms/114200.png
566,127280,0.0,spectrograms/127280.png
567,131770,0.0,spectrograms/131770.png
568,105670,2.0,spectrograms/105670.png
569,120200,0.0,spectrograms/120200.png
570,46160,2.0,spectrograms/046160.png
571,132790,0.0,spectrograms/132790.png
572,137990,0.0,spectrograms/137990.png
573,65090,1.0,spectrograms/065090.png
574,71420,2.0,spectrograms/071420.png
575,125723,2.0,spectrograms/125723.png
576,57371,1.0,spectrograms/057371.png
577,114050,1.0,spectrograms/114050.png
578,38450,0.0,spectrograms/038450.png
579,13540,2.0,spectrograms/013540.png
580,144945,1.0,spectrograms/144945.png
581,131980,1.0,spectrograms/131980.png
582,78850,1.0,spectrograms/078850.png
583,11920,2.0,spectrograms/011920.png
584,98620,1.0,spectrograms/098620.png
585,58161,1.0,spectrograms/058161.png
586,127867,2.0,spectrograms/127867.png
587,129920,1.0,spectrograms/129920.png
588,115470,1.0,spectrograms/115470.png
589,13748,1.0,spectrograms/013748.png
590,104010,1.0,spectrograms/104010.png
591,43773,1.0,spectrograms/043773.png
592,126240,1.0,spectrograms/126240.png
593,57820,2.0,spectrograms/057820.png
594,126430,1.0,spectrograms/126430.png
595,56650,2.0,spectrograms/056650.png
596,3840,1.0,spectrograms/003840.png
597,113700,2.0,spectrograms/113700.png
598,1193,1.0,spectrograms/001193.png
599,91084,2.0,spectrograms/091084.png
600,121320,1.0,spectrograms/121320.png
601,43520,1.0,spectrograms/043520.png
602,149626,1.0,spectrograms/149626.png
603,138070,1.0,spectrograms/138070.png
604,38780,2.0,spectrograms/038780.png
605,63874,1.0,spectrograms/063874.png
606,59930,1.0,spectrograms/059930.png
607,29180,0.0,spectrograms/029180.png
608,85494,1.0,spectrograms/085494.png
609,110610,1.0,spectrograms/110610.png
610,51120,1.0,spectrograms/051120.png
611,107250,1.0,spectrograms/107250.png
612,52950,1.0,spectrograms/052950.png
613,149778,1.0,spectrograms/149778.png
614,135370,2.0,spectrograms/135370.png
615,91620,2.0,spectrograms/091620.png
616,91960,1.0,spectrograms/091960.png
617,142669,2.0,spectrograms/142669.png
618,108840,1.0,spectrograms/108840.png
619,14570,2.0,spectrograms/014570.png
620,107950,1.0,spectrograms/107950.png
621,48440,2.0,spectrograms/048440.png
622,110650,1.0,spectrograms/110650.png
623,133972,2.0,spectrograms/133972.png
624,126510,0.0,spectrograms/126510.png
625,14690,2.0,spectrograms/014690.png
626,71303,2.0,spectrograms/071303.png
627,89860,2.0,spectrograms/089860.png
628,92950,2.0,spectrograms/092950.png
629,23010,2.0,spectrograms/023010.png
630,85594,1.0,spectrograms/085594.png
631,26022,1.0,spectrograms/026022.png
632,4100,2.0,spectrograms/004100.png
633,117610,2.0,spectrograms/117610.png
634,30690,1.0,spectrograms/030690.png
635,15770,2.0,spectrograms/015770.png
636,7490,1.0,spectrograms/007490.png
637,141300,2.0,spectrograms/141300.png
638,113950,0.0,spectrograms/113950.png
639,25670,2.0,spectrograms/025670.png
640,91102,0.0,spectrograms/091102.png
641,33050,1.0,spectrograms/033050.png
642,139990,2.0,spectrograms/139990.png
643,72570,0.0,spectrograms/072570.png
644,149690,1.0,spectrograms/149690.png
645,36380,2.0,spectrograms/036380.png
646,126300,2.0,spectrograms/126300.png
647,57540,2.0,spectrograms/057540.png
648,145710,2.0,spectrograms/145710.png
649,119580,1.0,spectrograms/119580.png
650,72234,2.0,spectrograms/072234.png
651,68895,2.0,spectrograms/068895.png
652,114398,2.0,spectrograms/114398.png
653,123760,1.0,spectrograms/123760.png
654,86040,2.0,spectrograms/086040.png
655,126290,1.0,spectrograms/126290.png
656,97570,1.0,spectrograms/097570.png
657,29480,1.0,spectrograms/029480.png
658,113360,0.0,spectrograms/113360.png
659,131540,0.0,spectrograms/131540.png
660,123968,1.0,spectrograms/123968.png
661,108023,2.0,spectrograms/108023.png
662,56030,1.0,spectrograms/056030.png
663,127190,0.0,spectrograms/127190.png
664,82890,0.0,spectrograms/082890.png
665,80000,1.0,spectrograms/080000.png
666,90590,0.0,spectrograms/090590.png
667,117170,1.0,spectrograms/117170.png
668,82630,1.0,spectrograms/082630.png
669,64007,1.0,spectrograms/064007.png
670,46720,1.0,spectrograms/046720.png
671,91900,0.0,spectrograms/091900.png
672,5264,1.0,spectrograms/005264.png
673,21860,1.0,spectrograms/021860.png
674,120160,1.0,spectrograms/120160.png
675,3720,2.0,spectrograms/003720.png
676,127285,0.0,spectrograms/127285.png
677,121930,0.0,spectrograms/121930.png
678,122190,1.0,spectrograms/122190.png
679,68840,1.0,spectrograms/068840.png
680,55830,1.0,spectrograms/055830.png
681,134940,0.0,spectrograms/134940.png
682,74385,1.0,spectrograms/074385.png
683,147780,2.0,spectrograms/147780.png
684,111460,2.0,spectrograms/111460.png
685,73170,1.0,spectrograms/073170.png
686,59680,0.0,spectrograms/059680.png
687,82410,2.0,spectrograms/082410.png
688,72130,1.0,spectrograms/072130.png
689,142570,1.0,spectrograms/142570.png
690,45150,2.0,spectrograms/045150.png
691,105890,0.0,spectrograms/105890.png
692,95310,1.0,spectrograms/095310.png
693,127648,1.0,spectrograms/127648.png
694,107850,1.0,spectrograms/107850.png
695,47070,2.0,spectrograms/047070.png
696,129400,1.0,spectrograms/129400.png
697,79610,1.0,spectrograms/079610.png
698,22480,1.0,spectrograms/022480.png
699,116760,2.0,spectrograms/116760.png
700,138020,1.0,spectrograms/138020.png
701,120300,1.0,spectrograms/120300.png
702,108020,2.0,spectrograms/108020.png
703,141290,1.0,spectrograms/141290.png
704,63470,1.0,spectrograms/063470.png
705,126415,1.0,spectrograms/126415.png
706,118070,2.0,spectrograms/118070.png
707,128760,2.0,spectrograms/128760.png
708,88900,1.0,spectrograms/088900.png
709,113110,2.0,spectrograms/113110.png
710,108290,1.0,spectrograms/108290.png
711,45100,2.0,spectrograms/045100.png
712,145760,2.0,spectrograms/145760.png
713,124470,1.0,spectrograms/124470.png
714,122620,1.0,spectrograms/122620.png
715,134792,2.0,spectrograms/134792.png
716,90592,1.0,spectrograms/090592.png
717,99370,0.0,spectrograms/099370.png
718,133019,2.0,spectrograms/133019.png
719,29720,2.0,spectrograms/029720.png
720,106952,2.0,spectrograms/106952.png
721,98300,2.0,spectrograms/098300.png
722,32218,2.0,spectrograms/032218.png
723,129875,0.0,spectrograms/129875.png
724,117173,1.0,spectrograms/117173.png
725,22000,0.0,spectrograms/022000.png
726,93520,2.0,spectrograms/093520.png
727,29740,2.0,spectrograms/029740.png
728,110230,0.0,spectrograms/110230.png
729,71230,2.0,spectrograms/071230.png
730,120320,2.0,spectrograms/120320.png
731,115774,2.0,spectrograms/115774.png
732,55120,1.0,spectrograms/055120.png
733,72787,2.0,spectrograms/072787.png
734,108970,2.0,spectrograms/108970.png
735,126490,0.0,spectrograms/126490.png
736,70660,1.0,spectrograms/070660.png
737,1040,2.0,spectrograms/001040.png
738,100550,2.0,spectrograms/100550.png
739,890,1.0,spectrograms/000890.png
740,42040,1.0,spectrograms/042040.png
741,12690,1.0,spectrograms/012690.png
742,127913,1.0,spectrograms/127913.png
743,100480,1.0,spectrograms/100480.png
744,121660,1.0,spectrograms/121660.png
745,43023,0.0,spectrograms/043023.png
746,4520,2.0,spectrograms/004520.png
747,10810,2.0,spectrograms/010810.png
748,6610,1.0,spectrograms/006610.png
749,113020,1.0,spectrograms/113020.png
750,97590,1.0,spectrograms/097590.png
751,113270,0.0,spectrograms/113270.png
752,42911,1.0,spectrograms/042911.png
753,145610,2.0,spectrograms/145610.png
754,61820,1.0,spectrograms/061820.png
755,44800,1.0,spectrograms/044800.png
756,109445,0.0,spectrograms/109445.png
757,52948,0.0,spectrograms/052948.png
758,71690,1.0,spectrograms/071690.png
759,144170,1.0,spectrograms/144170.png
760,19420,1.0,spectrograms/019420.png
761,26641,1.0,spectrograms/026641.png
762,73760,2.0,spectrograms/073760.png
763,12387,0.0,spectrograms/012387.png
764,66650,1.0,spectrograms/066650.png
765,29037,2.0,spectrograms/029037.png
766,126550,0.0,spectrograms/126550.png
767,84056,1.0,spectrograms/084056.png
768,11770,2.0,spectrograms/011770.png
769,75380,1.0,spectrograms/075380.png
770,113280,1.0,spectrograms/113280.png
771,111400,1.0,spectrograms/111400.png
772,127193,0.0,spectrograms/127193.png
773,68820,1.0,spectrograms/068820.png
774,42020,1.0,spectrograms/042020.png
775,94426,1.0,spectrograms/094426.png
776,41570,0.0,spectrograms/041570.png
777,33020,1.0,spectrograms/033020.png
778,115290,1.0,spectrograms/115290.png
779,130922,2.0,spectrograms/130922.png
780,126104,2.0,spectrograms/126104.png
781,145260,2.0,spectrograms/145260.png
782,69210,2.0,spectrograms/069210.png
783,47260,2.0,spectrograms/047260.png
784,131410,0.0,spectrograms/131410.png
785,32330,2.0,spectrograms/032330.png
786,139330,1.0,spectrograms/139330.png
787,143290,1.0,spectrograms/143290.png
788,130990,1.0,spectrograms/130990.png
789,115700,2.0,spectrograms/115700.png
790,145020,1.0,spectrograms/145020.png
791,75430,2.0,spectrograms/075430.png
792,117450,1.0,spectrograms/117450.png
793,47660,2.0,spectrograms/047660.png
794,125190,1.0,spectrograms/125190.png
795,57630,1.0,spectrograms/057630.png
796,107913,2.0,spectrograms/107913.png
797,124480,0.0,spectrograms/124480.png
798,88876,2.0,spectrograms/088876.png
799,126180,1.0,spectrograms/126180.png
800,143220,2.0,spectrograms/143220.png
801,141310,2.0,spectrograms/141310.png
802,126670,2.0,spectrograms/126670.png
803,55100,1.0,spectrograms/055100.png
804,96695,0.0,spectrograms/096695.png
805,73560,2.0,spectrograms/073560.png
806,74380,1.0,spectrograms/074380.png
807,134979,1.0,spectrograms/134979.png
808,142579,0.0,spectrograms/142579.png
809,148120,1.0,spectrograms/148120.png
810,82250,1.0,spectrograms/082250.png
811,108460,2.0,spectrograms/108460.png
812,130710,1.0,spectrograms/130710.png
813,121590,0.0,spectrograms/121590.png
814,91160,1.0,spectrograms/091160.png
815,146070,0.0,spectrograms/146070.png
816,58070,1.0,spectrograms/058070.png
817,52955,0.0,spectrograms/052955.png
818,97980,1.0,spectrograms/097980.png
819,121453,2.0,spectrograms/121453.png
820,64410,1.0,spectrograms/064410.png
821,137630,1.0,spectrograms/137630.png
822,142670,2.0,spectrograms/142670.png
823,19890,0.0,spectrograms/019890.png
824,73340,2.0,spectrograms/073340.png
825,110440,1.0,spectrograms/110440.png
826,133780,1.0,spectrograms/133780.png
827,103800,1.0,spectrograms/103800.png
828,26020,1.0,spectrograms/026020.png
829,32760,1.0,spectrograms/032760.png
830,44780,1.0,spectrograms/044780.png
831,11772,1.0,spectrograms/011772.png
832,108421,2.0,spectrograms/108421.png
833,15540,1.0,spectrograms/015540.png
834,109480,0.0,spectrograms/109480.png
835,113970,2.0,spectrograms/113970.png
836,40230,1.0,spectrograms/040230.png
837,79990,1.0,spectrograms/079990.png
838,81650,2.0,spectrograms/081650.png
839,99260,2.0,spectrograms/099260.png
840,52040,1.0,spectrograms/052040.png
841,93950,1.0,spectrograms/093950.png
842,12390,1.0,spectrograms/012390.png
843,71620,1.0,spectrograms/071620.png
844,96900,0.0,spectrograms/096900.png
845,149140,2.0,spectrograms/149140.png
846,69188,1.0,spectrograms/069188.png
847,134384,2.0,spectrograms/134384.png
848,42030,2.0,spectrograms/042030.png
849,98577,1.0,spectrograms/098577.png
850,99436,1.0,spectrograms/099436.png
851,129620,0.0,spectrograms/129620.png
852,45520,1.0,spectrograms/045520.png
853,83600,2.0,spectrograms/083600.png
854,91161,1.0,spectrograms/091161.png
855,131020,1.0,spectrograms/131020.png
856,18144,1.0,spectrograms/018144.png
857,118950,2.0,spectrograms/118950.png
858,91158,1.0,spectrograms/091158.png
859,117627,0.0,spectrograms/117627.png
860,109450,1.0,spectrograms/109450.png
861,67010,1.0,spectrograms/067010.png
862,122910,1.0,spectrograms/122910.png
863,67500,0.0,spectrograms/067500.png
864,149750,1.0,spectrograms/149750.png
865,3910,1.0,spectrograms/003910.png
866,116880,2.0,spectrograms/116880.png
867,56803,2.0,spectrograms/056803.png
868,13220,0.0,spectrograms/013220.png
869,117970,1.0,spectrograms/117970.png
870,81945,0.0,spectrograms/081945.png
871,53160,0.0,spectrograms/053160.png
872,137170,2.0,spectrograms/137170.png
873,97279,2.0,spectrograms/097279.png
874,55240,0.0,spectrograms/055240.png
875,109356,1.0,spectrograms/109356.png
876,140790,0.0,spectrograms/140790.png
877,87160,2.0,spectrograms/087160.png
878,28070,2.0,spectrograms/028070.png
879,39900,1.0,spectrograms/039900.png
880,55290,1.0,spectrograms/055290.png
881,42240,0.0,spectrograms/042240.png
882,137500,1.0,spectrograms/137500.png
883,112020,2.0,spectrograms/112020.png
884,24747,1.0,spectrograms/024747.png
885,55113,1.0,spectrograms/055113.png
886,130456,1.0,spectrograms/130456.png
887,105450,0.0,spectrograms/105450.png
888,56801,2.0,spectrograms/056801.png
889,126220,1.0,spectrograms/126220.png
890,31390,2.0,spectrograms/031390.png
891,44850,0.0,spectrograms/044850.png
892,67332,1.0,spectrograms/067332.png
893,54475,0.0,spectrograms/054475.png
894,30050,1.0,spectrograms/030050.png
895,108230,2.0,spectrograms/108230.png
896,38880,1.0,spectrograms/038880.png
897,83440,2.0,spectrograms/083440.png
898,93920,2.0,spectrograms/093920.png
899,4067,1.0,spectrograms/004067.png
900,148190,1.0,spectrograms/148190.png
901,125680,1.0,spectrograms/125680.png
902,76075,0.0,spectrograms/076075.png
903,144475,1.0,spectrograms/144475.png
904,43860,1.0,spectrograms/043860.png
905,97393,2.0,spectrograms/097393.png
906,131454,1.0,spectrograms/131454.png
907,122800,0.0,spectrograms/122800.png
908,107388,1.0,spectrograms/107388.png
909,149416,1.0,spectrograms/149416.png
910,88860,2.0,spectrograms/088860.png
911,123000,2.0,spectrograms/123000.png
912,122650,2.0,spectrograms/122650.png
913,37730,1.0,spectrograms/037730.png
914,52500,0.0,spectrograms/052500.png
915,96560,1.0,spectrograms/096560.png
916,120330,2.0,spectrograms/120330.png
917,11200,1.0,spectrograms/011200.png
918,115472,1.0,spectrograms/115472.png
919,24700,1.0,spectrograms/024700.png
920,57442,1.0,spectrograms/057442.png
921,98580,1.0,spectrograms/098580.png
922,49030,0.0,spectrograms/049030.png
923,92868,1.0,spectrograms/092868.png
924,114940,1.0,spectrograms/114940.png
925,51273,0.0,spectrograms/051273.png
926,110980,2.0,spectrograms/110980.png
927,62450,2.0,spectrograms/062450.png
928,141179,2.0,spectrograms/141179.png
929,7710,0.0,spectrograms/007710.png
930,32340,0.0,spectrograms/032340.png
931,64860,2.0,spectrograms/064860.png
932,104780,1.0,spectrograms/104780.png
933,72930,1.0,spectrograms/072930.png
934,114884,0.0,spectrograms/114884.png
935,118670,0.0,spectrograms/118670.png
936,48450,0.0,spectrograms/048450.png
937,109350,1.0,spectrograms/109350.png
938,62180,2.0,spectrograms/062180.png
939,74390,1.0,spectrograms/074390.png
940,55810,2.0,spectrograms/055810.png
941,94630,0.0,spectrograms/094630.png
942,4510,2.0,spectrograms/004510.png
943,108880,2.0,spectrograms/108880.png
944,127180,1.0,spectrograms/127180.png
945,121570,1.0,spectrograms/121570.png
946,19760,1.0,spectrograms/019760.png
947,76440,0.0,spectrograms/076440.png
948,85420,0.0,spectrograms/085420.png
949,42310,2.0,spectrograms/042310.png
950,152570,1.0,spectrograms/152570.png
951,61670,1.0,spectrograms/061670.png
952,118000,0.0,spectrograms/118000.png
953,144550,1.0,spectrograms/144550.png
954,144810,0.0,spectrograms/144810.png
955,24720,0.0,spectrograms/024720.png
956,11790,2.0,spectrograms/011790.png
957,57500,2.0,spectrograms/057500.png
958,98550,1.0,spectrograms/098550.png
959,26010,1.0,spectrograms/026010.png
960,98770,2.0,spectrograms/098770.png
961,59710,1.0,spectrograms/059710.png
962,64840,0.0,spectrograms/064840.png
963,133970,1.0,spectrograms/133970.png
964,129970,1.0,spectrograms/129970.png
965,56800,2.0,spectrograms/056800.png
966,60048,2.0,spectrograms/060048.png
967,108494,1.0,spectrograms/108494.png
968,133580,2.0,spectrograms/133580.png
969,136320,2.0,spectrograms/136320.png
970,144180,0.0,spectrograms/144180.png
971,73797,0.0,spectrograms/073797.png
972,108060,0.0,spectrograms/108060.png
973,114400,2.0,spectrograms/114400.png
974,122627,1.0,spectrograms/122627.png
975,127660,1.0,spectrograms/127660.png
976,29045,0.0,spectrograms/029045.png
977,98680,0.0,spectrograms/098680.png
978,45941,1.0,spectrograms/045941.png
979,126189,2.0,spectrograms/126189.png
980,16155,1.0,spectrograms/016155.png
981,137900,1.0,spectrograms/137900.png
982,44110,1.0,spectrograms/044110.png
983,41020,1.0,spectrograms/041020.png
984,120326,2.0,spectrograms/120326.png
985,112315,1.0,spectrograms/112315.png
986,108298,2.0,spectrograms/108298.png
987,129880,0.0,spectrograms/129880.png
988,24370,1.0,spectrograms/024370.png
989,145708,1.0,spectrograms/145708.png
990,148510,0.0,spectrograms/148510.png
991,10440,0.0,spectrograms/010440.png
992,148070,0.0,spectrograms/148070.png
993,108300,0.0,spectrograms/108300.png
994,71250,1.0,spectrograms/071250.png
995,29350,0.0,spectrograms/029350.png
996,58170,0.0,spectrograms/058170.png
997,129051,2.0,spectrograms/129051.png
998,10480,0.0,spectrograms/010480.png
999,145550,1.0,spectrograms/145550.png
1000,127910,1.0,spectrograms/127910.png
1001,108745,1.0,spectrograms/108745.png
1002,62595,2.0,spectrograms/062595.png
1003,14391,1.0,spectrograms/014391.png
1004,57180,2.0,spectrograms/057180.png
1005,75420,1.0,spectrograms/075420.png
1006,107533,2.0,spectrograms/107533.png
1007,424,1.0,spectrograms/000424.png
1008,122400,2.0,spectrograms/122400.png
1009,133448,1.0,spectrograms/133448.png
1010,67660,1.0,spectrograms/067660.png
1011,64590,2.0,spectrograms/064590.png
1012,122671,1.0,spectrograms/122671.png
1013,52000,0.0,spectrograms/052000.png
1014,43866,1.0,spectrograms/043866.png
1015,99361,0.0,spectrograms/099361.png
1016,43588,2.0,spectrograms/043588.png
1017,130170,1.0,spectrograms/130170.png
1018,43590,2.0,spectrograms/043590.png
1019,540,1.0,spectrograms/000540.png
1020,126600,1.0,spectrograms/126600.png
1021,134385,2.0,spectrograms/134385.png
1022,18350,0.0,spectrograms/018350.png
1023,14740,2.0,spectrograms/014740.png
1024,116390,1.0,spectrograms/116390.png
1025,75230,1.0,spectrograms/075230.png
1026,37920,2.0,spectrograms/037920.png
1027,29530,2.0,spectrograms/029530.png
1028,98670,1.0,spectrograms/098670.png
1029,123440,1.0,spectrograms/123440.png
1030,121913,0.0,spectrograms/121913.png
1031,129098,2.0,spectrograms/129098.png
1032,96400,2.0,spectrograms/096400.png
1033,52380,1.0,spectrograms/052380.png
1034,54376,2.0,spectrograms/054376.png
1035,115850,0.0,spectrograms/115850.png
1036,108799,1.0,spectrograms/108799.png
1037,114390,2.0,spectrograms/114390.png
1038,119900,1.0,spectrograms/119900.png
1039,137720,1.0,spectrograms/137720.png
1040,145750,1.0,spectrograms/145750.png
1041,118060,1.0,spectrograms/118060.png
1042,1688,0.0,spectrograms/001688.png
1043,41709,1.0,spectrograms/041709.png
1044,108050,2.0,spectrograms/108050.png
1045,129919,1.0,spectrograms/129919.png
1046,75390,1.0,spectrograms/075390.png
1047,81600,2.0,spectrograms/081600.png
1048,110630,1.0,spectrograms/110630.png
1049,103520,2.0,spectrograms/103520.png
1050,6370,0.0,spectrograms/006370.png
1051,126520,1.0,spectrograms/126520.png
